customerID,Churn,churn_prediction,churn_probability,risk_level,MonthlyCharges,tenure,Contract,estimated_ltv,ltv_segment,retention_priority
4550-VBOFE,Yes,Yes,0.6048747897148132,High,102.95,70,Month-to-month,7206.5,High,Critical
9090-SGQXL,Yes,Yes,0.6374327540397644,High,105.3,68,Month-to-month,7160.4,High,Critical
0946-CLJTI,Yes,Yes,0.6768035292625427,High,98.7,58,Month-to-month,5724.6,High,Critical
4062-HBMOS,No,Yes,0.6144905090332031,High,103.05,52,Month-to-month,5596.96051826477,High,Critical
6646-VRFOL,Yes,Yes,0.6462583541870117,High,103.85,53,Month-to-month,5504.049999999999,High,Critical
4484-GLZOU,Yes,Yes,0.6049402356147766,High,105.05,52,Month-to-month,5462.599999999999,High,Critical
7056-IMHCC,Yes,Yes,0.6462583541870117,High,101.9,53,Month-to-month,5400.700000000001,High,Critical
1264-BYWMS,Yes,Yes,0.6241048574447632,High,96.8,55,Month-to-month,5324.0,High,Critical
3384-CTMSF,No,Yes,0.6154482960700989,High,104.1,47,Month-to-month,5132.890994274616,High,Critical
8818-DOPVL,No,Yes,0.6122334003448486,High,104.45,46,Month-to-month,5047.713328003883,High,Critical
8938-UMKPI,Yes,Yes,0.6000671982765198,High,106.4,47,Month-to-month,5000.8,High,Critical
8276-MQBYC,Yes,Yes,0.6370954513549805,High,97.8,51,Month-to-month,4987.8,High,Critical
6651-AZVTJ,Yes,Yes,0.6095619201660156,High,99.8,49,Month-to-month,4890.2,High,Critical
7480-QNVZJ,Yes,Yes,0.6663329601287842,High,95.7,50,Month-to-month,4785.0,High,Critical
1751-NCDLI,No,Yes,0.670413613319397,High,98.85,46,Month-to-month,4742.577685940266,High,Critical
5655-JSMZM,Yes,Yes,0.6886519193649292,High,96.2,49,Month-to-month,4713.8,High,Critical
8634-MPHTR,Yes,Yes,0.7044329047203064,High,100.05,47,Month-to-month,4702.349999999999,High,Critical
4433-JCGCG,Yes,Yes,0.690277636051178,High,101.0,46,Month-to-month,4646.0,High,Critical
7599-FKVXZ,Yes,Yes,0.6377748250961304,High,106.15,42,Month-to-month,4458.3,High,Critical
2800-QQUSO,No,Yes,0.6342795491218567,High,100.3,42,Month-to-month,4432.690567338466,High,Critical
7142-HVGBG,Yes,Yes,0.6560408473014832,High,103.0,43,Month-to-month,4429.0,High,Critical
6661-HBGWL,Yes,Yes,0.6000401973724365,High,104.75,42,Month-to-month,4399.5,High,Critical
9600-NAXZN,Yes,Yes,0.6572788953781128,High,101.4,43,Month-to-month,4360.2,High,Critical
0337-CNPZE,Yes,Yes,0.6368243098258972,High,106.3,41,Month-to-month,4358.3,High,Critical
8374-XGEJJ,Yes,Yes,0.6560408473014832,High,101.0,43,Month-to-month,4343.0,High,Critical
9851-QXEEQ,Yes,Yes,0.6620785593986511,High,104.7,41,Month-to-month,4292.7,High,Critical
1723-HKXJQ,Yes,Yes,0.6421533226966858,High,101.75,42,Month-to-month,4273.5,High,Critical
5980-NOPLP,Yes,Yes,0.636436402797699,High,96.1,44,Month-to-month,4228.4,High,Critical
2439-LYPMQ,No,Yes,0.6336162686347961,High,102.6,38,Month-to-month,4124.345825028419,High,Critical
8111-SLLHI,Yes,Yes,0.6344729661941528,High,105.65,39,Month-to-month,4120.35,High,Critical
2845-AFFTX,Yes,Yes,0.7306296825408936,High,99.8,41,Month-to-month,4091.7999999999997,High,Critical
0420-HLGXF,No,Yes,0.6723641157150269,High,99.75,39,Month-to-month,4086.3400767445564,High,Critical
4289-DTDKW,Yes,Yes,0.607745885848999,High,101.3,40,Month-to-month,4052.0,High,Critical
1866-RZZQS,Yes,Yes,0.7493202090263367,High,98.4,41,Month-to-month,4034.4,High,Critical
6518-LGAOV,Yes,Yes,0.6349035501480103,High,105.0,38,Month-to-month,3990.0,High,Critical
1666-JXLKU,No,Yes,0.6587929129600525,High,100.05,37,Month-to-month,3906.6766143500804,High,Critical
4803-AXVYP,Yes,Yes,0.6099486351013184,High,99.55,38,Month-to-month,3782.9,High,Critical
6851-WEFYX,No,Yes,0.6433544754981995,High,100.8,35,Month-to-month,3743.699213218689,High,Critical
6029-WTIPC,Yes,Yes,0.6914567947387695,High,101.1,37,Month-to-month,3740.7,High,Critical
2568-OIADY,Yes,Yes,0.689052939414978,High,99.5,37,Month-to-month,3681.5,High,Critical
6116-RFVHN,No,Yes,0.6460919976234436,High,100.45,34,Month-to-month,3628.6003530323505,High,Critical
6899-PPEEA,Yes,Yes,0.670089840888977,High,96.55,37,Month-to-month,3572.35,High,Critical
6907-NZZIJ,Yes,Yes,0.6268448233604431,High,99.15,36,Month-to-month,3569.4,High,Critical
4958-XCBDQ,Yes,Yes,0.6433544754981995,High,101.4,35,Month-to-month,3549.0,High,Critical
8709-KRDVL,No,Yes,0.6038503646850586,High,100.0,33,Month-to-month,3537.689781188965,High,Critical
0939-YAPAF,Yes,Yes,0.667860746383667,High,100.25,35,Month-to-month,3508.75,High,Critical
7028-DVOIQ,Yes,Yes,0.6750137805938721,High,99.05,35,Month-to-month,3466.75,High,Critical
2809-ZMYOQ,No,Yes,0.6538406610488892,High,101.35,32,Month-to-month,3453.6994940161703,High,Critical
8397-MVTAZ,Yes,Yes,0.6927570700645447,High,100.05,34,Month-to-month,3401.7,High,Critical
2107-FBPTK,No,Yes,0.6006101369857788,High,104.1,30,Month-to-month,3372.4589084386826,High,Critical
3001-CBHLQ,Yes,Yes,0.6208867430686951,High,104.9,32,Month-to-month,3356.8,High,Critical
3318-OSATS,Yes,Yes,0.6178537011146545,High,95.45,35,Month-to-month,3340.75,High,Critical
6393-WRYZE,Yes,Yes,0.7135645151138306,High,97.65,34,Month-to-month,3320.1000000000004,High,Critical
3001-UNBTL,No,Yes,0.6732227206230164,High,103.95,29,Month-to-month,3218.360989147425,High,Critical
